[
  {
    "y0": 95,
    "x0": 56,
    "y1": 58,
    "x1": 746,
    "y2": 473,
    "x2": 742,
    "y3": 472,
    "id": 0,
    "x3": 58,
    "picture": ""
  },
  {
    "y0": 93,
    "x0": 233,
    "y1": 93,
    "x1": 333,
    "y2": 193,
    "x2": 333,
    "y3": 193,
    "id": 1,
    "x3": 233,
    "picture": ""
  },
  {
    "y0": 332,
    "x0": 143,
    "y1": 332,
    "x1": 243,
    "y2": 432,
    "x2": 243,
    "y3": 432,
    "id": 2,
    "x3": 143,
    "picture": ""
  },
  {
    "y0": 324,
    "x0": 576,
    "y1": 324,
    "x1": 676,
    "y2": 424,
    "x2": 676,
    "y3": 424,
    "id": 3,
    "x3": 576,
    "picture": ""
  },
  {
    "y0": 103,
    "x0": 470,
    "y1": 54,
    "x1": 678,
    "y2": 242,
    "x2": 716,
    "y3": 285,
    "id": 4,
    "x3": 535,
    "picture": ""
  }
]